26 - pqc - qcapqc@hayakawa.com.ph
25 - finance - hepc.finance@hayakawa.com.ph
24 - qca - NO COMMON EMAIL
23 - fms - fms@hayakawa.com.ph
22 - Admin - administrator@hayakawa.com.ph
21 - hrd - NO COMMON EMAIL
20 - HRDA -hcti.hrda1@hayakawa.com.ph, hcti.hrda2@hayakawa.com.ph, hcti.hrda3@hayakawa.com.ph
19 - IQC XRF - NO COMMON EMAIL
18 - warehouse - no common email
17 - warehouse/iqc - no common email
16 - logistics - no common email
15 - sales abd - no common email
14 - sales cid - no common email
13 - sales - no common email
12 - jig - jig.clerk@hayakawa.com.ph
11 - product dev group / sm - no common email
9 - pqs/fi -pod.pqs@hayakawa.com.ph
8 - auto 3 & abci assembly - pad.assembly@hayakawa.com.ph
7 - Production - no common email
6 - Auto 1 assy - no common email
5 - lm machine - no common email
4 - sales auto 3 -  hcti.sales3@hayakawa.com.ph
3 - sales auto 2 -  hcti.sales2@hayakawa.com.ph
2 - sales auto 1 -  hcti.sales1@hayakawa.com.ph
